order_id,runner_id,pickup_time,distance,duration,cancellation
1,1,"2021-01-01 18:15:34",20km,"32 minutes",
2,1,"2021-01-01 19:10:54",20km,"27 minutes",
3,1,"2021-01-03 00:12:37",13.4km,"20 mins",NaN
4,2,"2021-01-04 13:53:03",23.4,40,NaN
5,3,"2021-01-08 21:10:57",10,15,Nan
6,3,NULL,NULL,NULL,"Restaurant Cancellation"
7,2,"2021-01-08 21:30:45",25km,"25 mins",NULL
8,2,"2021-01-10 00:15:02","23.4 km","15 minute",NULL
9,2,NULL,NULL,NULL,"Customer Cancellation"
10,1,"2021-01-11 18:50:20",10km,10minutes,NULL
11,2,"2021-01-01 00:30:50",7.4km,"36 minutes","Restaurant Cancellation"
12,1,"2021-01-01 02:12:07",23.8km,"31 minutes",
13,3,"2021-01-01 03:15:39",14.6km,"47 minutes","Customer Cancellation"
14,4,"2021-01-01 04:45:35",5.7km,"45 minutes","Customer Cancellation"
15,3,"2021-01-01 06:01:31",11.3km,"35 minutes","Customer Cancellation"
16,3,"2021-01-01 07:13:06",5.3km,"32 minutes","Customer Cancellation"
17,2,"2021-01-01 08:30:15",26.0km,"48 minutes","Customer Cancellation"
18,2,"2021-01-01 09:48:24",16.9km,"36 minutes",
19,2,"2021-01-01 11:18:47",6.7km,"45 minutes",NaN
20,3,"2021-01-01 12:37:17",6.2km,"18 minutes",NaN
21,3,"2021-01-01 14:03:23",17.3km,"20 minutes",
22,3,"2021-01-01 15:15:46",25.7km,"32 minutes","Customer Cancellation"
23,4,"2021-01-01 16:42:27",14.3km,"38 minutes",NaN
24,3,"2021-01-01 17:49:10",29.9km,"36 minutes",
25,1,"2021-01-01 18:58:04",19.1km,"22 minutes",NaN
26,2,"2021-01-01 20:19:52",24.4km,"10 minutes","Customer Cancellation"
27,1,"2021-01-01 21:36:03",29.9km,"34 minutes","Restaurant Cancellation"
28,3,"2021-01-01 23:08:36",14.9km,"45 minutes",NaN
29,4,"2021-01-02 00:28:03",5.1km,"24 minutes","Customer Cancellation"
30,3,"2021-01-02 01:43:18",14.4km,"46 minutes","Customer Cancellation"
31,1,"2021-01-02 03:13:03",7.6km,"42 minutes",
32,4,"2021-01-02 04:10:53",13.4km,"39 minutes","Restaurant Cancellation"
33,3,"2021-01-02 05:50:04",26.2km,"25 minutes","Restaurant Cancellation"
34,2,"2021-01-02 06:47:33",28.4km,"49 minutes","Restaurant Cancellation"
35,3,"2021-01-02 08:10:05",16.1km,"50 minutes","Customer Cancellation"
36,3,"2021-01-02 09:42:35",21.7km,"19 minutes",
37,2,"2021-01-02 10:52:12",10.3km,"50 minutes",NaN
38,4,"2021-01-02 12:20:38",23.9km,"46 minutes",
39,4,"2021-01-02 13:24:45",18.5km,"20 minutes","Restaurant Cancellation"
40,1,"2021-01-02 14:51:58",13.5km,"14 minutes","Customer Cancellation"
41,3,"2021-01-02 16:02:55",12.0km,"40 minutes","Restaurant Cancellation"
42,2,"2021-01-02 17:14:32",19.3km,"28 minutes","Customer Cancellation"
43,2,"2021-01-02 18:42:45",29.4km,"30 minutes","Restaurant Cancellation"
44,2,"2021-01-02 20:11:17",24.5km,"32 minutes",NaN
45,4,"2021-01-02 21:22:58",28.7km,"25 minutes","Customer Cancellation"
46,2,"2021-01-02 22:59:04",29.1km,"23 minutes","Customer Cancellation"
47,1,"2021-01-02 23:53:48",11.9km,"37 minutes","Restaurant Cancellation"
48,4,"2021-01-03 01:07:31",26.7km,"39 minutes","Customer Cancellation"
49,1,"2021-01-03 02:44:06",12.2km,"49 minutes","Customer Cancellation"
50,1,"2021-01-03 03:48:15",14.0km,"48 minutes","Customer Cancellation"
51,3,"2021-01-03 05:17:32",14.1km,"36 minutes",
52,2,"2021-01-03 06:40:42",19.5km,"47 minutes",NaN
53,3,"2021-01-03 08:05:45",15.6km,"34 minutes","Restaurant Cancellation"
54,4,"2021-01-03 09:13:23",17.2km,"29 minutes",
55,3,"2021-01-03 10:42:35",16.8km,"39 minutes","Customer Cancellation"
56,4,"2021-01-03 12:01:24",6.8km,"40 minutes","Restaurant Cancellation"
57,2,"2021-01-03 13:04:31",7.8km,"50 minutes",NaN
58,2,"2021-01-03 14:24:19",5.4km,"27 minutes",
59,1,"2021-01-03 15:36:43",17.1km,"40 minutes",
60,1,"2021-01-03 17:09:22",20.1km,"16 minutes",NaN
61,2,"2021-01-03 18:23:59",18.8km,"39 minutes","Customer Cancellation"
62,3,"2021-01-03 19:41:46",6.2km,"11 minutes","Restaurant Cancellation"
63,2,"2021-01-03 21:04:54",15.8km,"39 minutes",NaN
64,4,"2021-01-03 22:12:04",24.4km,"35 minutes","Restaurant Cancellation"
65,1,"2021-01-03 23:30:05",17.9km,"31 minutes",NaN
66,3,"2021-01-04 01:16:08",26.2km,"36 minutes",NaN
67,1,"2021-01-04 02:31:47",7.6km,"22 minutes",NaN
68,2,"2021-01-04 03:47:55",7.6km,"17 minutes","Restaurant Cancellation"
69,1,"2021-01-04 05:03:10",26.5km,"16 minutes",
70,1,"2021-01-04 06:09:06",26.9km,"27 minutes",NaN
71,4,"2021-01-04 07:43:36",26.9km,"34 minutes","Customer Cancellation"
72,3,"2021-01-04 09:02:05",25.6km,"23 minutes",NaN
73,2,"2021-01-04 10:15:56",23.7km,"32 minutes","Customer Cancellation"
74,1,"2021-01-04 11:32:55",16.3km,"37 minutes","Customer Cancellation"
75,4,"2021-01-04 12:37:35",13.0km,"17 minutes",
76,3,"2021-01-04 14:16:28",14.9km,"24 minutes","Restaurant Cancellation"
77,2,"2021-01-04 15:18:47",14.7km,"16 minutes",
78,4,"2021-01-04 17:01:58",10.2km,"45 minutes",NaN
79,2,"2021-01-04 17:51:55",17.8km,"38 minutes","Customer Cancellation"
80,4,"2021-01-04 19:36:21",20.4km,"11 minutes","Customer Cancellation"
81,4,"2021-01-04 20:57:01",20.7km,"20 minutes",NaN
82,2,"2021-01-04 21:59:43",25.8km,"50 minutes",
83,4,"2021-01-04 23:30:51",18.4km,"22 minutes",NaN
84,4,"2021-01-05 00:39:23",21.4km,"44 minutes","Customer Cancellation"
85,2,"2021-01-05 01:51:28",23.3km,"50 minutes","Restaurant Cancellation"
86,4,"2021-01-05 03:13:38",12.5km,"17 minutes",
87,4,"2021-01-05 04:24:28",6.9km,"13 minutes","Customer Cancellation"
88,3,"2021-01-05 05:48:06",5.9km,"28 minutes",NaN
89,2,"2021-01-05 07:18:20",24.1km,"11 minutes",
90,1,"2021-01-05 08:32:44",19.9km,"17 minutes","Restaurant Cancellation"
91,3,"2021-01-05 09:46:26",19.9km,"45 minutes",
92,4,"2021-01-05 11:18:45",22.4km,"25 minutes",
93,3,"2021-01-05 12:17:00",18.0km,"41 minutes",NaN
94,1,"2021-01-05 14:01:01",16.2km,"34 minutes",NaN
95,1,"2021-01-05 15:04:01",11.9km,"16 minutes","Customer Cancellation"
96,1,"2021-01-05 16:26:19",11.8km,"13 minutes","Restaurant Cancellation"
97,4,"2021-01-05 17:39:41",9.6km,"50 minutes","Customer Cancellation"
98,1,"2021-01-05 18:55:49",15.6km,"17 minutes",
99,2,"2021-01-05 20:34:00",10.7km,"30 minutes","Customer Cancellation"
100,1,"2021-01-05 21:28:13",5.2km,"49 minutes","Restaurant Cancellation"
101,3,"2021-01-05 23:11:37",28.7km,"36 minutes",NaN
102,3,"2021-01-06 00:28:15",8.1km,"49 minutes",NaN
103,1,"2021-01-06 01:41:33",27.8km,"10 minutes","Customer Cancellation"
104,3,"2021-01-06 02:44:15",28.9km,"50 minutes",NaN
105,2,"2021-01-06 04:18:11",28.0km,"50 minutes","Customer Cancellation"
106,3,"2021-01-06 05:35:28",24.5km,"29 minutes",NaN
107,4,"2021-01-06 06:54:51",13.4km,"19 minutes",
108,1,"2021-01-06 07:59:03",29.7km,"48 minutes",NaN
109,1,"2021-01-06 09:41:24",11.4km,"35 minutes","Restaurant Cancellation"
110,2,"2021-01-06 10:53:12",9.5km,"10 minutes","Customer Cancellation"
111,4,"2021-01-06 12:15:00",24.3km,"36 minutes",NaN
112,3,"2021-01-06 13:14:53",7.1km,"41 minutes","Restaurant Cancellation"
113,1,"2021-01-06 14:52:01",7.4km,"10 minutes","Restaurant Cancellation"
114,1,"2021-01-06 16:04:17",29.3km,"46 minutes",
115,2,"2021-01-06 17:23:16",10.3km,"12 minutes","Customer Cancellation"
116,2,"2021-01-06 18:30:58",27.8km,"20 minutes",
117,1,"2021-01-06 20:07:21",15.8km,"47 minutes","Restaurant Cancellation"
118,4,"2021-01-06 21:26:14",11.4km,"43 minutes",NaN
119,4,"2021-01-06 22:52:34",21.2km,"40 minutes","Restaurant Cancellation"
120,2,"2021-01-07 00:04:20",19.1km,"27 minutes",
121,3,"2021-01-07 01:03:41",13.1km,"27 minutes","Customer Cancellation"
122,2,"2021-01-07 02:37:38",28.0km,"42 minutes",NaN
123,3,"2021-01-07 04:09:09",25.2km,"19 minutes",
124,4,"2021-01-07 05:17:25",6.1km,"36 minutes",NaN
125,4,"2021-01-07 06:34:43",20.9km,"49 minutes","Customer Cancellation"
126,2,"2021-01-07 07:42:56",26.4km,"50 minutes","Customer Cancellation"
127,3,"2021-01-07 09:21:39",19.6km,"43 minutes",NaN
128,1,"2021-01-07 10:32:54",23.4km,"36 minutes",NaN
129,1,"2021-01-07 11:49:27",28.6km,"46 minutes",NaN
130,2,"2021-01-07 13:00:39",14.1km,"17 minutes",
131,3,"2021-01-07 14:18:44",14.6km,"47 minutes","Restaurant Cancellation"
132,1,"2021-01-07 15:37:00",21.5km,"36 minutes",NaN
133,4,"2021-01-07 17:02:13",13.6km,"34 minutes","Customer Cancellation"
134,4,"2021-01-07 18:27:58",10.4km,"43 minutes",
135,3,"2021-01-07 19:55:56",7.4km,"24 minutes","Restaurant Cancellation"
136,2,"2021-01-07 20:50:13",10.0km,"44 minutes",
137,1,"2021-01-07 22:07:34",26.6km,"14 minutes",NaN
138,2,"2021-01-07 23:42:25",7.3km,"44 minutes",
139,1,"2021-01-08 01:00:58",11.7km,"12 minutes","Restaurant Cancellation"
140,2,"2021-01-08 02:19:59",23.1km,"31 minutes",NaN
141,2,"2021-01-08 03:39:17",26.0km,"41 minutes",NaN
142,3,"2021-01-08 04:42:54",9.1km,"14 minutes","Restaurant Cancellation"
143,4,"2021-01-08 06:03:08",15.0km,"32 minutes","Restaurant Cancellation"
144,4,"2021-01-08 07:30:16",10.0km,"33 minutes",
145,3,"2021-01-08 08:44:50",29.1km,"30 minutes",NaN
146,2,"2021-01-08 10:07:55",13.8km,"24 minutes",NaN
147,2,"2021-01-08 11:27:18",17.6km,"49 minutes",NaN
148,3,"2021-01-08 12:35:34",7.0km,"11 minutes",NaN
149,2,"2021-01-08 14:16:09",17.6km,"27 minutes","Restaurant Cancellation"
150,4,"2021-01-08 15:32:15",7.3km,"21 minutes",
151,3,"2021-01-08 16:33:50",17.2km,"26 minutes",
152,1,"2021-01-08 18:02:28",16.5km,"21 minutes",NaN
153,4,"2021-01-08 19:30:00",24.1km,"20 minutes",
154,2,"2021-01-08 20:25:25",11.2km,"27 minutes","Restaurant Cancellation"
155,3,"2021-01-08 22:12:39",15.8km,"13 minutes",NaN
156,1,"2021-01-08 23:16:20",13.9km,"47 minutes","Restaurant Cancellation"
157,2,"2021-01-09 00:37:35",8.6km,"10 minutes",NaN
158,1,"2021-01-09 01:46:10",16.1km,"47 minutes",
159,1,"2021-01-09 03:26:24",20.4km,"46 minutes",NaN
160,1,"2021-01-09 04:40:09",14.5km,"39 minutes",
161,1,"2021-01-09 05:46:52",17.0km,"47 minutes",NaN
162,2,"2021-01-09 07:04:05",6.5km,"38 minutes",
163,1,"2021-01-09 08:21:05",28.0km,"13 minutes",
164,4,"2021-01-09 10:01:16",8.8km,"23 minutes","Restaurant Cancellation"
165,2,"2021-01-09 11:10:49",8.0km,"15 minutes",NaN
166,2,"2021-01-09 12:13:41",25.5km,"12 minutes",NaN
167,4,"2021-01-09 13:49:59",7.8km,"13 minutes","Customer Cancellation"
168,1,"2021-01-09 14:50:54",28.1km,"25 minutes","Customer Cancellation"
169,1,"2021-01-09 16:09:19",17.5km,"11 minutes",NaN
170,2,"2021-01-09 17:44:08",15.9km,"39 minutes","Customer Cancellation"
171,3,"2021-01-09 18:54:50",9.6km,"29 minutes","Restaurant Cancellation"
172,3,"2021-01-09 20:13:13",14.2km,"49 minutes","Customer Cancellation"
173,4,"2021-01-09 21:33:55",5.5km,"20 minutes","Restaurant Cancellation"
174,2,"2021-01-09 22:41:47",12.7km,"22 minutes","Restaurant Cancellation"
175,4,"2021-01-10 00:12:54",16.9km,"23 minutes",
176,4,"2021-01-10 01:41:43",7.3km,"24 minutes","Restaurant Cancellation"
177,1,"2021-01-10 02:52:14",26.5km,"42 minutes",NaN
178,1,"2021-01-10 04:13:44",16.1km,"30 minutes","Customer Cancellation"
179,2,"2021-01-10 05:23:39",9.0km,"50 minutes",NaN
180,4,"2021-01-10 06:56:12",6.1km,"31 minutes","Customer Cancellation"
181,2,"2021-01-10 08:11:09",9.3km,"13 minutes","Customer Cancellation"
182,3,"2021-01-10 09:20:04",8.5km,"22 minutes","Restaurant Cancellation"
183,4,"2021-01-10 10:32:39",27.0km,"39 minutes","Restaurant Cancellation"
184,3,"2021-01-10 12:04:26",25.1km,"24 minutes","Customer Cancellation"
185,3,"2021-01-10 13:19:41",13.0km,"35 minutes","Customer Cancellation"
186,3,"2021-01-10 14:48:52",28.8km,"49 minutes","Customer Cancellation"
187,1,"2021-01-10 15:54:08",10.2km,"15 minutes",NaN
188,2,"2021-01-10 17:10:43",10.1km,"35 minutes","Customer Cancellation"
189,4,"2021-01-10 18:40:12",27.9km,"31 minutes",NaN
190,2,"2021-01-10 19:57:07",8.7km,"42 minutes","Customer Cancellation"
191,3,"2021-01-10 21:19:46",13.3km,"33 minutes",
192,4,"2021-01-10 22:28:28",21.5km,"25 minutes",
193,3,"2021-01-10 23:56:53",14.0km,"25 minutes","Customer Cancellation"
194,1,"2021-01-11 01:25:56",21.6km,"12 minutes","Customer Cancellation"
195,2,"2021-01-11 02:22:56",27.3km,"12 minutes",
196,2,"2021-01-11 03:43:19",9.7km,"15 minutes",
197,3,"2021-01-11 05:13:04",18.9km,"44 minutes","Customer Cancellation"
198,1,"2021-01-11 06:29:30",25.4km,"42 minutes",
199,2,"2021-01-11 07:49:39",8.0km,"34 minutes",
200,3,"2021-01-11 08:57:43",28.6km,"23 minutes",NaN
201,2,"2021-01-11 10:13:16",14.1km,"34 minutes",NaN
202,4,"2021-01-11 11:54:43",13.4km,"13 minutes","Customer Cancellation"
203,4,"2021-01-11 13:14:33",22.8km,"47 minutes","Restaurant Cancellation"
204,4,"2021-01-11 14:27:03",12.2km,"50 minutes","Customer Cancellation"
205,2,"2021-01-11 15:38:01",10.8km,"40 minutes",NaN
206,2,"2021-01-11 16:45:00",14.2km,"20 minutes",
207,2,"2021-01-11 18:06:08",24.2km,"35 minutes","Customer Cancellation"
208,2,"2021-01-11 19:40:55",29.4km,"39 minutes","Restaurant Cancellation"
209,1,"2021-01-11 20:48:24",22.7km,"47 minutes",
210,4,"2021-01-11 22:22:59",21.2km,"26 minutes",
211,1,"2021-01-11 23:43:42",26.8km,"47 minutes",NaN
212,1,"2021-01-12 01:06:31",14.3km,"45 minutes","Restaurant Cancellation"
213,4,"2021-01-12 02:22:30",8.2km,"21 minutes","Restaurant Cancellation"
214,2,"2021-01-12 03:14:47",23.9km,"45 minutes",
215,3,"2021-01-12 04:40:52",7.1km,"35 minutes",NaN
216,4,"2021-01-12 05:55:14",13.9km,"38 minutes","Customer Cancellation"
217,2,"2021-01-12 07:12:18",13.5km,"13 minutes",NaN
218,2,"2021-01-12 08:35:38",22.5km,"26 minutes",NaN
219,1,"2021-01-12 09:48:56",13.7km,"39 minutes","Customer Cancellation"
220,4,"2021-01-12 11:31:11",6.2km,"37 minutes",
221,2,"2021-01-12 12:29:50",24.9km,"17 minutes",NaN
222,3,"2021-01-12 14:05:37",22.5km,"39 minutes",NaN
223,1,"2021-01-12 15:27:37",12.4km,"42 minutes",NaN
224,4,"2021-01-12 16:49:33",28.3km,"41 minutes",NaN
225,1,"2021-01-12 17:56:36",15.8km,"45 minutes","Customer Cancellation"
226,2,"2021-01-12 19:20:26",5.7km,"33 minutes",
227,3,"2021-01-12 20:24:32",20.2km,"22 minutes","Restaurant Cancellation"
228,4,"2021-01-12 21:39:22",26.8km,"30 minutes",NaN
229,2,"2021-01-12 23:04:21",26.4km,"36 minutes","Restaurant Cancellation"
230,1,"2021-01-13 00:23:50",20.3km,"23 minutes","Restaurant Cancellation"
231,3,"2021-01-13 01:59:49",28.4km,"41 minutes","Restaurant Cancellation"
232,3,"2021-01-13 03:02:26",11.4km,"33 minutes",NaN
233,1,"2021-01-13 04:25:24",13.4km,"23 minutes","Customer Cancellation"
234,1,"2021-01-13 05:34:47",21.8km,"33 minutes",
235,2,"2021-01-13 07:15:07",24.7km,"26 minutes","Customer Cancellation"
236,1,"2021-01-13 08:20:41",15.9km,"21 minutes","Customer Cancellation"
237,2,"2021-01-13 09:43:13",6.3km,"29 minutes",NaN
238,1,"2021-01-13 10:56:10",19.4km,"10 minutes",NaN
239,3,"2021-01-13 12:35:02",14.9km,"36 minutes",
240,4,"2021-01-13 13:34:44",27.9km,"42 minutes",
241,2,"2021-01-13 15:10:53",23.8km,"21 minutes",
242,3,"2021-01-13 16:22:42",18.4km,"49 minutes","Customer Cancellation"
243,4,"2021-01-13 17:24:14",18.4km,"46 minutes",
244,4,"2021-01-13 19:00:27",10.0km,"29 minutes",NaN
245,1,"2021-01-13 20:12:07",25.0km,"17 minutes","Customer Cancellation"
246,2,"2021-01-13 21:20:18",8.7km,"40 minutes",
247,2,"2021-01-13 22:46:52",21.7km,"43 minutes","Restaurant Cancellation"
248,1,"2021-01-14 00:23:08",18.5km,"26 minutes","Customer Cancellation"
249,1,"2021-01-14 01:40:29",28.5km,"38 minutes","Customer Cancellation"
250,3,"2021-01-14 02:42:32",21.0km,"40 minutes","Restaurant Cancellation"
251,2,"2021-01-14 04:12:49",15.1km,"22 minutes","Customer Cancellation"
252,4,"2021-01-14 05:15:42",19.6km,"15 minutes","Restaurant Cancellation"
253,3,"2021-01-14 06:48:19",20.9km,"47 minutes",NaN
254,4,"2021-01-14 08:07:28",18.1km,"29 minutes","Restaurant Cancellation"
255,1,"2021-01-14 09:14:55",9.5km,"25 minutes","Customer Cancellation"
256,3,"2021-01-14 10:41:16",6.5km,"24 minutes",
257,1,"2021-01-14 12:09:19",6.1km,"49 minutes","Customer Cancellation"
258,2,"2021-01-14 13:21:04",14.8km,"17 minutes","Restaurant Cancellation"
259,1,"2021-01-14 14:32:45",28.2km,"33 minutes",
260,2,"2021-01-14 15:44:05",28.5km,"40 minutes",
261,3,"2021-01-14 17:03:46",23.7km,"33 minutes","Customer Cancellation"
262,4,"2021-01-14 18:41:15",26.9km,"50 minutes","Restaurant Cancellation"
263,3,"2021-01-14 20:01:18",25.0km,"44 minutes","Customer Cancellation"
264,1,"2021-01-14 21:05:57",8.1km,"37 minutes",
265,1,"2021-01-14 22:18:39",25.6km,"25 minutes","Customer Cancellation"
266,2,"2021-01-15 00:03:50",20.2km,"23 minutes","Customer Cancellation"
267,4,"2021-01-15 01:04:45",24.2km,"37 minutes",NaN
268,3,"2021-01-15 02:30:04",20.3km,"42 minutes","Restaurant Cancellation"
269,4,"2021-01-15 03:41:57",29.7km,"19 minutes","Restaurant Cancellation"
270,3,"2021-01-15 05:03:05",29.7km,"42 minutes",NaN
271,1,"2021-01-15 06:31:20",21.0km,"27 minutes",
272,1,"2021-01-15 07:46:36",18.5km,"28 minutes",
273,1,"2021-01-15 09:09:29",7.5km,"13 minutes","Restaurant Cancellation"
274,3,"2021-01-15 10:26:58",10.0km,"33 minutes","Customer Cancellation"
275,3,"2021-01-15 11:49:44",20.7km,"30 minutes","Restaurant Cancellation"
276,4,"2021-01-15 12:46:04",13.8km,"32 minutes",NaN
277,1,"2021-01-15 14:11:04",19.8km,"13 minutes","Restaurant Cancellation"
278,3,"2021-01-15 15:29:51",23.3km,"14 minutes","Restaurant Cancellation"
279,1,"2021-01-15 16:54:58",12.9km,"10 minutes",
280,3,"2021-01-15 18:17:41",28.3km,"29 minutes",NaN
281,3,"2021-01-15 19:25:28",28.0km,"40 minutes",
282,3,"2021-01-15 21:04:07",6.7km,"28 minutes",NaN
283,1,"2021-01-15 22:22:48",15.9km,"35 minutes",NaN
284,2,"2021-01-15 23:24:48",11.9km,"49 minutes",NaN
285,4,"2021-01-16 00:45:17",23.8km,"39 minutes","Customer Cancellation"
286,2,"2021-01-16 02:01:02",26.8km,"32 minutes",
287,4,"2021-01-16 03:36:00",15.4km,"40 minutes","Customer Cancellation"
288,3,"2021-01-16 04:50:29",5.1km,"38 minutes","Restaurant Cancellation"
289,3,"2021-01-16 06:13:58",6.9km,"33 minutes","Restaurant Cancellation"
290,2,"2021-01-16 07:25:17",30.0km,"33 minutes",
291,3,"2021-01-16 08:45:59",15.0km,"45 minutes","Customer Cancellation"
292,1,"2021-01-16 10:10:32",14.4km,"48 minutes","Customer Cancellation"
293,4,"2021-01-16 11:13:27",10.3km,"34 minutes",NaN
294,1,"2021-01-16 12:34:11",15.2km,"42 minutes",
295,1,"2021-01-16 13:48:32",8.2km,"46 minutes",
296,1,"2021-01-16 15:09:08",18.2km,"22 minutes","Customer Cancellation"
297,2,"2021-01-16 16:29:03",29.0km,"37 minutes",
298,2,"2021-01-16 17:45:27",24.1km,"24 minutes",NaN
299,2,"2021-01-16 19:21:37",24.8km,"22 minutes",
300,3,"2021-01-16 20:41:39",7.4km,"25 minutes",NaN
301,2,"2021-01-16 21:46:50",29.7km,"12 minutes","Customer Cancellation"
302,4,"2021-01-16 23:15:12",29.9km,"47 minutes",NaN
303,4,"2021-01-17 00:31:06",18.9km,"46 minutes","Customer Cancellation"
304,2,"2021-01-17 01:49:01",9.5km,"14 minutes","Restaurant Cancellation"
305,3,"2021-01-17 03:11:05",5.1km,"50 minutes",NaN
306,1,"2021-01-17 04:14:41",28.1km,"32 minutes","Customer Cancellation"
307,3,"2021-01-17 05:47:31",27.7km,"38 minutes","Restaurant Cancellation"
308,2,"2021-01-17 07:07:41",5.0km,"39 minutes",NaN
309,4,"2021-01-17 08:20:23",23.8km,"32 minutes","Customer Cancellation"
310,1,"2021-01-17 09:36:34",13.1km,"43 minutes",NaN
311,1,"2021-01-17 11:10:07",10.9km,"41 minutes",NaN
312,1,"2021-01-17 12:18:51",18.8km,"35 minutes",
313,2,"2021-01-17 13:41:16",29.5km,"34 minutes","Restaurant Cancellation"
314,1,"2021-01-17 14:44:30",21.1km,"33 minutes",NaN
315,3,"2021-01-17 15:58:46",22.7km,"20 minutes",
316,4,"2021-01-17 17:18:36",17.4km,"10 minutes","Customer Cancellation"
317,2,"2021-01-17 18:39:08",20.7km,"14 minutes","Customer Cancellation"
318,1,"2021-01-17 19:58:29",12.0km,"16 minutes",
319,4,"2021-01-17 21:28:31",24.1km,"13 minutes",NaN
320,3,"2021-01-17 22:37:58",28.6km,"40 minutes",NaN
321,4,"2021-01-18 00:01:33",11.2km,"11 minutes",
322,1,"2021-01-18 01:12:24",16.1km,"12 minutes","Restaurant Cancellation"
323,1,"2021-01-18 02:42:42",14.9km,"16 minutes","Customer Cancellation"
324,2,"2021-01-18 03:53:16",17.6km,"35 minutes","Customer Cancellation"
325,3,"2021-01-18 05:23:41",14.9km,"40 minutes","Restaurant Cancellation"
326,4,"2021-01-18 06:41:36",10.8km,"49 minutes","Customer Cancellation"
327,2,"2021-01-18 07:47:18",24.4km,"48 minutes",
328,3,"2021-01-18 09:19:38",20.8km,"21 minutes",
329,1,"2021-01-18 10:36:12",9.3km,"14 minutes","Restaurant Cancellation"
330,4,"2021-01-18 11:48:56",14.0km,"43 minutes",NaN
331,3,"2021-01-18 13:16:28",10.8km,"46 minutes",NaN
332,1,"2021-01-18 14:35:18",18.8km,"47 minutes",
333,3,"2021-01-18 15:58:05",22.9km,"46 minutes",
334,2,"2021-01-18 17:04:43",23.8km,"33 minutes","Customer Cancellation"
335,2,"2021-01-18 18:32:47",19.1km,"35 minutes","Restaurant Cancellation"
336,1,"2021-01-18 19:36:53",5.5km,"18 minutes",
337,3,"2021-01-18 21:11:58",14.0km,"38 minutes","Restaurant Cancellation"
338,2,"2021-01-18 22:13:01",18.8km,"26 minutes","Restaurant Cancellation"
339,4,"2021-01-18 23:57:33",6.3km,"36 minutes",NaN
340,1,"2021-01-19 01:01:03",20.4km,"11 minutes","Customer Cancellation"
341,2,"2021-01-19 02:08:03",18.4km,"20 minutes",
342,4,"2021-01-19 03:48:30",7.8km,"15 minutes",NaN
343,3,"2021-01-19 05:10:28",10.9km,"32 minutes","Restaurant Cancellation"
344,3,"2021-01-19 06:29:37",13.0km,"15 minutes",
345,2,"2021-01-19 07:51:57",21.7km,"12 minutes","Restaurant Cancellation"
346,1,"2021-01-19 09:06:02",23.2km,"41 minutes",NaN
347,1,"2021-01-19 10:11:15",20.0km,"31 minutes",NaN
348,4,"2021-01-19 11:21:54",5.6km,"45 minutes",
349,3,"2021-01-19 12:52:20",13.5km,"33 minutes",NaN
350,4,"2021-01-19 14:18:52",16.4km,"20 minutes",
351,4,"2021-01-19 15:20:09",6.6km,"27 minutes","Restaurant Cancellation"
352,1,"2021-01-19 16:35:21",29.2km,"49 minutes","Customer Cancellation"
353,1,"2021-01-19 17:55:42",15.5km,"43 minutes","Restaurant Cancellation"
354,4,"2021-01-19 19:27:12",9.7km,"38 minutes",
355,2,"2021-01-19 20:53:33",12.7km,"48 minutes",
356,1,"2021-01-19 22:14:42",14.3km,"45 minutes",NaN
357,2,"2021-01-19 23:27:27",29.3km,"22 minutes","Customer Cancellation"
358,1,"2021-01-20 00:31:59",17.4km,"29 minutes",NaN
359,3,"2021-01-20 02:04:43",5.2km,"14 minutes","Restaurant Cancellation"
360,3,"2021-01-20 03:26:28",21.2km,"12 minutes",
361,3,"2021-01-20 04:46:58",26.3km,"27 minutes","Customer Cancellation"
362,2,"2021-01-20 06:05:16",9.7km,"14 minutes",
363,2,"2021-01-20 07:14:49",6.5km,"31 minutes",
364,2,"2021-01-20 08:25:21",19.7km,"49 minutes",NaN
365,3,"2021-01-20 09:50:01",20.4km,"35 minutes",
366,1,"2021-01-20 11:19:10",14.1km,"21 minutes","Customer Cancellation"
367,3,"2021-01-20 12:32:21",16.6km,"46 minutes","Customer Cancellation"
368,2,"2021-01-20 13:45:32",5.4km,"47 minutes","Restaurant Cancellation"
369,2,"2021-01-20 15:23:10",22.3km,"42 minutes",NaN
370,2,"2021-01-20 16:25:31",19.5km,"22 minutes",
371,4,"2021-01-20 17:45:37",16.6km,"43 minutes",NaN
372,1,"2021-01-20 18:53:00",13.1km,"41 minutes",
373,4,"2021-01-20 20:20:49",15.9km,"22 minutes",NaN
374,4,"2021-01-20 21:49:18",12.5km,"49 minutes","Customer Cancellation"
375,2,"2021-01-20 23:02:39",15.8km,"34 minutes","Customer Cancellation"
376,1,"2021-01-21 00:13:35",14.8km,"48 minutes",
377,1,"2021-01-21 01:49:59",21.7km,"16 minutes","Restaurant Cancellation"
378,2,"2021-01-21 02:53:31",26.0km,"48 minutes","Customer Cancellation"
379,3,"2021-01-21 04:20:59",21.7km,"10 minutes",NaN
380,4,"2021-01-21 05:48:02",15.1km,"47 minutes",NaN
381,1,"2021-01-21 07:06:14",28.8km,"18 minutes",
382,1,"2021-01-21 08:16:03",12.0km,"43 minutes",
383,2,"2021-01-21 09:29:02",29.5km,"44 minutes","Restaurant Cancellation"
384,1,"2021-01-21 10:57:06",16.8km,"47 minutes",NaN
385,2,"2021-01-21 12:16:23",21.6km,"26 minutes",
386,2,"2021-01-21 13:28:02",12.8km,"42 minutes",
387,4,"2021-01-21 14:43:20",14.3km,"15 minutes","Restaurant Cancellation"
388,1,"2021-01-21 16:04:31",12.6km,"26 minutes","Restaurant Cancellation"
389,4,"2021-01-21 17:27:41",23.0km,"30 minutes","Restaurant Cancellation"
390,4,"2021-01-21 18:55:33",12.1km,"18 minutes","Customer Cancellation"
391,4,"2021-01-21 20:15:52",25.1km,"17 minutes","Restaurant Cancellation"
392,3,"2021-01-21 21:17:17",17.1km,"14 minutes","Restaurant Cancellation"
393,1,"2021-01-21 22:56:27",13.0km,"32 minutes","Customer Cancellation"
394,4,"2021-01-21 23:52:07",17.5km,"21 minutes","Customer Cancellation"
395,1,"2021-01-22 01:07:45",24.1km,"45 minutes","Restaurant Cancellation"
396,2,"2021-01-22 02:44:12",10.1km,"32 minutes","Restaurant Cancellation"
397,1,"2021-01-22 03:51:25",27.3km,"46 minutes",NaN
398,2,"2021-01-22 05:01:19",6.8km,"39 minutes",
399,4,"2021-01-22 06:27:47",18.7km,"17 minutes",
400,1,"2021-01-22 07:58:33",18.1km,"23 minutes",
401,1,"2021-01-22 09:23:07",28.3km,"32 minutes","Customer Cancellation"
402,1,"2021-01-22 10:16:47",29.9km,"11 minutes",NaN
403,4,"2021-01-22 11:52:19",26.8km,"43 minutes","Customer Cancellation"
404,4,"2021-01-22 13:09:04",9.8km,"26 minutes",NaN
405,2,"2021-01-22 14:15:42",27.9km,"32 minutes",NaN
406,2,"2021-01-22 15:48:58",14.1km,"32 minutes",
407,3,"2021-01-22 16:53:35",28.3km,"34 minutes","Customer Cancellation"
408,3,"2021-01-22 18:34:24",19.7km,"30 minutes","Restaurant Cancellation"
409,4,"2021-01-22 19:33:00",11.6km,"24 minutes",NaN
410,3,"2021-01-22 20:47:51",10.3km,"27 minutes","Restaurant Cancellation"
411,1,"2021-01-22 22:10:07",5.1km,"49 minutes",NaN
412,2,"2021-01-22 23:25:38",19.1km,"21 minutes",
413,3,"2021-01-23 00:47:31",24.9km,"35 minutes",
414,2,"2021-01-23 02:21:33",18.2km,"27 minutes",
415,2,"2021-01-23 03:37:09",9.5km,"44 minutes","Restaurant Cancellation"
416,3,"2021-01-23 05:07:36",23.2km,"35 minutes",NaN
417,1,"2021-01-23 06:24:08",25.1km,"31 minutes",
418,4,"2021-01-23 07:43:02",26.1km,"15 minutes","Restaurant Cancellation"
419,2,"2021-01-23 08:46:16",6.8km,"35 minutes",NaN
420,1,"2021-01-23 10:22:46",6.5km,"27 minutes",
421,2,"2021-01-23 11:17:39",16.1km,"22 minutes",
422,2,"2021-01-23 12:37:25",18.3km,"18 minutes",
423,1,"2021-01-23 14:17:22",24.0km,"43 minutes","Customer Cancellation"
424,4,"2021-01-23 15:35:02",15.3km,"19 minutes","Restaurant Cancellation"
425,1,"2021-01-23 16:35:48",12.7km,"39 minutes","Customer Cancellation"
426,3,"2021-01-23 17:52:13",12.5km,"16 minutes","Customer Cancellation"
427,1,"2021-01-23 19:16:42",12.3km,"48 minutes","Restaurant Cancellation"
428,4,"2021-01-23 20:31:03",29.6km,"41 minutes",NaN
429,2,"2021-01-23 22:11:03",14.2km,"27 minutes",
430,3,"2021-01-23 23:12:01",16.6km,"28 minutes",
431,1,"2021-01-24 00:31:50",26.3km,"37 minutes",NaN
432,2,"2021-01-24 01:59:59",7.6km,"35 minutes","Restaurant Cancellation"
433,2,"2021-01-24 03:13:26",22.0km,"35 minutes",
434,1,"2021-01-24 04:32:12",19.1km,"45 minutes",
435,1,"2021-01-24 05:40:03",21.9km,"20 minutes","Customer Cancellation"
436,2,"2021-01-24 07:10:07",12.4km,"16 minutes","Restaurant Cancellation"
437,1,"2021-01-24 08:24:14",9.7km,"34 minutes",
438,1,"2021-01-24 09:47:29",19.6km,"16 minutes","Customer Cancellation"
439,2,"2021-01-24 10:55:40",17.4km,"15 minutes","Customer Cancellation"
440,2,"2021-01-24 12:35:35",9.7km,"13 minutes","Restaurant Cancellation"
441,1,"2021-01-24 13:43:45",14.7km,"14 minutes","Restaurant Cancellation"
442,2,"2021-01-24 14:53:22",21.4km,"20 minutes","Restaurant Cancellation"
443,2,"2021-01-24 16:28:04",5.9km,"34 minutes","Restaurant Cancellation"
444,1,"2021-01-24 17:56:26",26.3km,"15 minutes","Restaurant Cancellation"
445,1,"2021-01-24 18:48:40",19.4km,"17 minutes","Customer Cancellation"
446,1,"2021-01-24 20:27:23",25.1km,"49 minutes","Customer Cancellation"
447,3,"2021-01-24 21:27:50",22.5km,"40 minutes",
448,4,"2021-01-24 23:04:45",25.5km,"22 minutes",NaN
449,1,"2021-01-25 00:28:15",7.0km,"17 minutes",
450,4,"2021-01-25 01:29:21",29.9km,"38 minutes","Restaurant Cancellation"
451,3,"2021-01-25 02:42:25",29.7km,"11 minutes",NaN
452,4,"2021-01-25 04:07:29",26.6km,"30 minutes","Customer Cancellation"
453,4,"2021-01-25 05:19:27",7.9km,"39 minutes","Restaurant Cancellation"
454,4,"2021-01-25 06:52:09",22.9km,"11 minutes",NaN
455,3,"2021-01-25 08:23:27",27.4km,"13 minutes",
456,3,"2021-01-25 09:27:43",8.8km,"13 minutes","Customer Cancellation"
457,4,"2021-01-25 10:34:01",26.4km,"10 minutes",NaN
458,2,"2021-01-25 11:51:38",19.1km,"17 minutes",
459,1,"2021-01-25 13:38:14",16.2km,"40 minutes","Restaurant Cancellation"
460,3,"2021-01-25 14:30:58",20.4km,"36 minutes","Customer Cancellation"
461,1,"2021-01-25 16:04:06",28.8km,"18 minutes",NaN
462,3,"2021-01-25 17:35:24",28.1km,"39 minutes",
463,3,"2021-01-25 18:37:33",18.4km,"45 minutes","Restaurant Cancellation"
464,4,"2021-01-25 19:51:04",23.2km,"13 minutes",
465,4,"2021-01-25 21:07:22",17.6km,"29 minutes",NaN
466,3,"2021-01-25 22:26:31",13.4km,"27 minutes","Restaurant Cancellation"
467,1,"2021-01-25 23:42:53",18.0km,"47 minutes","Customer Cancellation"
468,3,"2021-01-26 01:13:47",20.8km,"11 minutes","Restaurant Cancellation"
469,2,"2021-01-26 02:38:09",24.0km,"33 minutes","Restaurant Cancellation"
470,4,"2021-01-26 04:05:04",28.7km,"48 minutes",
471,1,"2021-01-26 05:22:51",23.3km,"45 minutes","Restaurant Cancellation"
472,1,"2021-01-26 06:43:51",19.2km,"10 minutes",NaN
473,2,"2021-01-26 07:48:52",17.0km,"33 minutes","Restaurant Cancellation"
474,4,"2021-01-26 09:21:59",23.0km,"25 minutes",
475,2,"2021-01-26 10:19:25",7.9km,"50 minutes","Customer Cancellation"
476,4,"2021-01-26 11:47:40",7.2km,"30 minutes","Restaurant Cancellation"
477,4,"2021-01-26 12:49:31",17.6km,"43 minutes",
478,1,"2021-01-26 14:14:44",7.6km,"41 minutes",NaN
479,2,"2021-01-26 15:31:47",28.7km,"33 minutes","Restaurant Cancellation"
480,4,"2021-01-26 17:02:01",15.3km,"14 minutes","Restaurant Cancellation"
481,4,"2021-01-26 18:20:31",21.2km,"44 minutes",
482,2,"2021-01-26 19:30:12",19.1km,"30 minutes","Restaurant Cancellation"
483,3,"2021-01-26 20:44:51",28.3km,"11 minutes",NaN
484,2,"2021-01-26 22:22:43",26.5km,"30 minutes",NaN
485,1,"2021-01-26 23:49:37",8.3km,"33 minutes","Restaurant Cancellation"
486,3,"2021-01-27 00:59:54",6.5km,"47 minutes","Customer Cancellation"
487,3,"2021-01-27 02:01:24",8.3km,"50 minutes",NaN
488,2,"2021-01-27 03:33:08",6.5km,"21 minutes","Restaurant Cancellation"
489,3,"2021-01-27 04:46:43",14.4km,"21 minutes",NaN
490,4,"2021-01-27 05:58:07",25.1km,"37 minutes","Restaurant Cancellation"
491,2,"2021-01-27 07:17:58",18.8km,"20 minutes","Restaurant Cancellation"
492,4,"2021-01-27 08:46:36",16.8km,"35 minutes",NaN
493,1,"2021-01-27 09:53:01",8.4km,"10 minutes",
494,2,"2021-01-27 11:26:17",16.0km,"23 minutes",
495,1,"2021-01-27 12:44:10",25.2km,"39 minutes","Restaurant Cancellation"
496,4,"2021-01-27 14:06:24",13.6km,"49 minutes","Customer Cancellation"
497,4,"2021-01-27 15:07:47",25.3km,"10 minutes",
498,3,"2021-01-27 16:30:01",14.1km,"14 minutes","Restaurant Cancellation"
499,3,"2021-01-27 18:05:35",6.4km,"27 minutes",NaN
500,1,"2021-01-27 19:11:08",18.2km,"36 minutes",NaN
501,4,"2021-01-27 20:43:15",13.8km,"50 minutes","Customer Cancellation"
502,1,"2021-01-27 21:48:09",21.3km,"49 minutes","Customer Cancellation"
503,4,"2021-01-27 23:21:57",29.5km,"46 minutes",NaN
504,2,"2021-01-28 00:41:28",28.3km,"20 minutes","Customer Cancellation"
505,3,"2021-01-28 01:45:15",28.9km,"23 minutes",NaN
506,2,"2021-01-28 03:00:11",11.4km,"45 minutes",
507,4,"2021-01-28 04:28:28",16.5km,"23 minutes","Customer Cancellation"
508,3,"2021-01-28 05:41:48",26.2km,"36 minutes",
509,2,"2021-01-28 07:16:31",16.2km,"10 minutes",
510,2,"2021-01-28 08:15:57",8.0km,"16 minutes","Restaurant Cancellation"
511,1,"2021-01-28 09:40:43",12.7km,"16 minutes",
512,3,"2021-01-28 10:58:17",9.6km,"26 minutes",
513,1,"2021-01-28 12:18:18",24.4km,"14 minutes","Restaurant Cancellation"
514,3,"2021-01-28 13:52:26",18.9km,"32 minutes",
515,3,"2021-01-28 15:04:07",16.2km,"44 minutes",
516,1,"2021-01-28 16:26:50",20.9km,"48 minutes","Restaurant Cancellation"
517,2,"2021-01-28 17:46:54",15.9km,"41 minutes","Customer Cancellation"
518,1,"2021-01-28 19:02:22",19.3km,"15 minutes",
519,1,"2021-01-28 20:19:11",25.9km,"37 minutes",
520,3,"2021-01-28 21:35:04",22.9km,"39 minutes","Restaurant Cancellation"
521,4,"2021-01-28 22:49:14",8.9km,"44 minutes",
522,4,"2021-01-29 00:23:36",25.4km,"44 minutes",NaN
523,1,"2021-01-29 01:38:46",5.4km,"39 minutes","Restaurant Cancellation"
524,1,"2021-01-29 02:55:32",14.8km,"18 minutes","Customer Cancellation"
525,1,"2021-01-29 03:54:06",8.9km,"27 minutes",
526,4,"2021-01-29 05:30:54",21.6km,"45 minutes",
527,2,"2021-01-29 06:56:34",8.0km,"29 minutes",NaN
528,2,"2021-01-29 07:56:10",19.3km,"15 minutes",NaN
529,4,"2021-01-29 09:11:51",19.2km,"27 minutes","Customer Cancellation"
530,2,"2021-01-29 10:37:57",6.6km,"10 minutes","Restaurant Cancellation"
531,1,"2021-01-29 12:00:43",17.9km,"20 minutes",
532,3,"2021-01-29 13:29:23",14.3km,"25 minutes",
533,1,"2021-01-29 14:44:37",20.2km,"48 minutes","Restaurant Cancellation"
534,3,"2021-01-29 15:49:27",29.3km,"11 minutes","Customer Cancellation"
535,4,"2021-01-29 17:21:14",16.3km,"35 minutes",NaN
536,4,"2021-01-29 18:31:35",8.5km,"19 minutes",
537,2,"2021-01-29 19:53:41",17.3km,"30 minutes","Restaurant Cancellation"
538,4,"2021-01-29 21:24:39",26.5km,"39 minutes",
539,4,"2021-01-29 22:47:02",8.7km,"44 minutes","Restaurant Cancellation"
540,4,"2021-01-29 23:41:12",20.8km,"35 minutes",
541,3,"2021-01-30 01:03:00",15.3km,"36 minutes",
542,1,"2021-01-30 02:23:16",26.1km,"12 minutes",NaN
543,1,"2021-01-30 03:44:24",21.6km,"34 minutes",NaN
544,1,"2021-01-30 04:59:16",20.4km,"34 minutes","Customer Cancellation"
545,1,"2021-01-30 06:18:07",10.7km,"28 minutes","Customer Cancellation"
546,1,"2021-01-30 07:54:47",22.4km,"11 minutes",NaN
547,2,"2021-01-30 09:01:29",23.4km,"12 minutes",NaN
548,1,"2021-01-30 10:24:41",16.2km,"25 minutes","Restaurant Cancellation"
549,1,"2021-01-30 11:55:40",5.5km,"33 minutes","Restaurant Cancellation"
550,1,"2021-01-30 13:04:50",28.4km,"28 minutes","Customer Cancellation"
551,1,"2021-01-30 14:25:50",29.0km,"20 minutes","Restaurant Cancellation"
552,3,"2021-01-30 15:37:47",24.0km,"12 minutes","Customer Cancellation"
553,1,"2021-01-30 17:10:46",24.1km,"44 minutes","Customer Cancellation"
554,4,"2021-01-30 18:29:27",21.8km,"44 minutes","Restaurant Cancellation"
555,1,"2021-01-30 19:28:42",11.6km,"49 minutes","Restaurant Cancellation"
556,3,"2021-01-30 21:02:05",6.5km,"16 minutes",NaN
557,3,"2021-01-30 21:57:48",22.0km,"44 minutes","Restaurant Cancellation"
558,2,"2021-01-30 23:21:20",24.2km,"50 minutes","Customer Cancellation"
559,1,"2021-01-31 01:03:44",5.6km,"12 minutes",NaN
560,1,"2021-01-31 02:13:09",11.9km,"14 minutes","Customer Cancellation"
561,4,"2021-01-31 03:27:43",25.5km,"43 minutes","Customer Cancellation"
562,4,"2021-01-31 04:38:28",29.6km,"46 minutes",
563,3,"2021-01-31 06:01:31",23.2km,"44 minutes","Restaurant Cancellation"
564,2,"2021-01-31 07:15:11",17.5km,"21 minutes","Customer Cancellation"
565,2,"2021-01-31 08:53:12",14.9km,"26 minutes",
566,1,"2021-01-31 09:57:27",14.5km,"16 minutes","Restaurant Cancellation"
567,3,"2021-01-31 11:19:59",10.1km,"18 minutes","Restaurant Cancellation"
568,3,"2021-01-31 12:26:37",19.1km,"41 minutes","Customer Cancellation"
569,2,"2021-01-31 13:44:27",5.7km,"29 minutes",
570,1,"2021-01-31 15:04:32",10.0km,"16 minutes",NaN
571,3,"2021-01-31 16:31:08",6.4km,"33 minutes","Restaurant Cancellation"
572,4,"2021-01-31 17:48:22",10.5km,"25 minutes","Customer Cancellation"
573,4,"2021-01-31 19:23:05",10.1km,"48 minutes",
574,1,"2021-01-31 20:41:01",21.4km,"24 minutes",
575,1,"2021-01-31 22:01:38",7.4km,"12 minutes",NaN
576,1,"2021-01-31 23:22:22",25.8km,"49 minutes","Customer Cancellation"
577,4,"2021-02-01 00:35:19",11.8km,"49 minutes","Customer Cancellation"
578,2,"2021-02-01 01:45:39",23.1km,"29 minutes",NaN
579,3,"2021-02-01 03:03:20",26.5km,"44 minutes","Restaurant Cancellation"
580,3,"2021-02-01 04:22:03",21.4km,"50 minutes","Customer Cancellation"
581,1,"2021-02-01 05:48:16",13.9km,"35 minutes","Restaurant Cancellation"
582,4,"2021-02-01 07:14:41",26.6km,"16 minutes",NaN
583,3,"2021-02-01 08:26:50",7.1km,"19 minutes",NaN
584,3,"2021-02-01 09:52:07",21.1km,"42 minutes",NaN
585,4,"2021-02-01 11:07:29",27.0km,"40 minutes",NaN
586,1,"2021-02-01 12:25:09",30.0km,"44 minutes","Restaurant Cancellation"
587,3,"2021-02-01 13:22:36",14.4km,"44 minutes",NaN
588,3,"2021-02-01 15:08:12",10.6km,"20 minutes","Customer Cancellation"
589,2,"2021-02-01 16:28:02",25.7km,"36 minutes","Restaurant Cancellation"
590,4,"2021-02-01 17:29:32",14.4km,"18 minutes",NaN
591,3,"2021-02-01 18:43:21",24.9km,"40 minutes","Restaurant Cancellation"
592,1,"2021-02-01 20:03:10",19.9km,"12 minutes","Restaurant Cancellation"
593,2,"2021-02-01 21:28:59",28.4km,"30 minutes","Restaurant Cancellation"
594,3,"2021-02-01 22:55:23",6.8km,"20 minutes",
595,2,"2021-02-02 00:19:24",26.5km,"44 minutes","Customer Cancellation"
596,2,"2021-02-02 01:17:42",14.2km,"17 minutes",
597,1,"2021-02-02 02:53:04",12.1km,"17 minutes",NaN
598,2,"2021-02-02 03:50:44",13.4km,"17 minutes",
599,3,"2021-02-02 05:16:42",12.6km,"13 minutes","Customer Cancellation"
600,3,"2021-02-02 06:41:12",7.3km,"26 minutes",NaN
601,4,"2021-02-02 08:02:35",25.4km,"40 minutes","Restaurant Cancellation"
602,3,"2021-02-02 09:04:54",10.4km,"29 minutes",
603,1,"2021-02-02 10:23:34",17.4km,"22 minutes",
604,2,"2021-02-02 12:07:30",21.6km,"49 minutes",NaN
605,2,"2021-02-02 13:08:46",27.7km,"23 minutes",NaN
606,4,"2021-02-02 14:32:54",12.3km,"26 minutes",
607,1,"2021-02-02 15:56:31",27.7km,"46 minutes",NaN
608,3,"2021-02-02 17:13:58",17.5km,"40 minutes",
609,2,"2021-02-02 18:36:55",22.4km,"19 minutes","Customer Cancellation"
610,1,"2021-02-02 19:45:53",20.2km,"24 minutes","Restaurant Cancellation"
611,2,"2021-02-02 21:09:10",21.8km,"16 minutes",NaN
612,1,"2021-02-02 22:41:12",29.3km,"11 minutes","Restaurant Cancellation"
613,1,"2021-02-02 23:42:46",5.9km,"13 minutes",
614,1,"2021-02-03 01:13:13",14.7km,"30 minutes","Customer Cancellation"
615,4,"2021-02-03 02:12:48",8.6km,"50 minutes","Restaurant Cancellation"
616,2,"2021-02-03 03:30:05",17.9km,"44 minutes","Customer Cancellation"
617,2,"2021-02-03 05:07:18",10.7km,"49 minutes","Customer Cancellation"
618,1,"2021-02-03 06:05:57",5.3km,"25 minutes","Restaurant Cancellation"
619,3,"2021-02-03 07:34:44",6.1km,"22 minutes","Customer Cancellation"
620,3,"2021-02-03 08:48:37",17.2km,"11 minutes",NaN
621,3,"2021-02-03 10:06:59",20.4km,"45 minutes",NaN
622,3,"2021-02-03 11:23:29",23.5km,"31 minutes",
623,2,"2021-02-03 12:44:53",16.5km,"49 minutes",NaN
624,2,"2021-02-03 14:10:54",19.8km,"22 minutes",
625,3,"2021-02-03 15:19:52",21.1km,"39 minutes",
626,3,"2021-02-03 16:43:24",19.2km,"49 minutes","Customer Cancellation"
627,2,"2021-02-03 17:55:52",9.1km,"27 minutes","Customer Cancellation"
628,4,"2021-02-03 19:18:40",14.7km,"12 minutes","Customer Cancellation"
629,2,"2021-02-03 20:41:09",27.2km,"25 minutes","Restaurant Cancellation"
630,4,"2021-02-03 22:07:35",26.2km,"43 minutes","Restaurant Cancellation"
631,1,"2021-02-03 23:28:20",26.3km,"30 minutes","Restaurant Cancellation"
632,1,"2021-02-04 00:36:06",11.1km,"49 minutes","Restaurant Cancellation"
633,4,"2021-02-04 02:11:53",19.2km,"13 minutes","Restaurant Cancellation"
634,4,"2021-02-04 03:12:00",28.7km,"40 minutes",NaN
635,2,"2021-02-04 04:46:12",25.2km,"10 minutes","Customer Cancellation"
636,3,"2021-02-04 05:55:35",24.8km,"10 minutes",
637,4,"2021-02-04 07:18:19",29.7km,"16 minutes","Restaurant Cancellation"
638,4,"2021-02-04 08:46:04",14.9km,"18 minutes","Customer Cancellation"
639,1,"2021-02-04 10:03:43",6.8km,"35 minutes",
640,4,"2021-02-04 11:27:48",9.6km,"46 minutes","Restaurant Cancellation"
641,4,"2021-02-04 12:33:56",9.0km,"43 minutes",NaN
642,2,"2021-02-04 13:49:48",19.8km,"39 minutes",NaN
643,1,"2021-02-04 15:03:47",25.7km,"45 minutes","Restaurant Cancellation"
644,3,"2021-02-04 16:33:06",22.9km,"45 minutes","Customer Cancellation"
645,2,"2021-02-04 17:54:07",27.6km,"43 minutes",NaN
646,3,"2021-02-04 18:59:05",6.4km,"13 minutes",NaN
647,2,"2021-02-04 20:20:58",12.4km,"10 minutes","Customer Cancellation"
648,4,"2021-02-04 21:55:16",10.7km,"42 minutes",NaN
649,1,"2021-02-04 23:02:13",16.7km,"30 minutes","Customer Cancellation"
650,4,"2021-02-05 00:11:45",7.1km,"38 minutes","Customer Cancellation"
651,4,"2021-02-05 01:42:11",6.2km,"49 minutes","Restaurant Cancellation"
652,2,"2021-02-05 02:56:46",24.5km,"35 minutes",NaN
653,1,"2021-02-05 04:14:53",6.7km,"27 minutes",NaN
654,1,"2021-02-05 05:52:05",21.6km,"16 minutes",
655,2,"2021-02-05 06:50:48",14.2km,"11 minutes","Customer Cancellation"
656,3,"2021-02-05 08:22:39",16.1km,"10 minutes","Customer Cancellation"
657,4,"2021-02-05 09:26:16",27.8km,"27 minutes",
658,2,"2021-02-05 10:43:50",29.8km,"30 minutes","Customer Cancellation"
659,1,"2021-02-05 12:07:20",24.1km,"16 minutes",
660,4,"2021-02-05 13:43:43",22.0km,"37 minutes",
661,3,"2021-02-05 15:05:13",9.5km,"15 minutes","Restaurant Cancellation"
662,2,"2021-02-05 16:03:57",25.3km,"45 minutes","Customer Cancellation"
663,4,"2021-02-05 17:22:08",16.9km,"16 minutes",NaN
664,3,"2021-02-05 18:47:00",30.0km,"29 minutes",
665,3,"2021-02-05 19:59:52",18.0km,"47 minutes",NaN
666,2,"2021-02-05 21:25:40",14.7km,"35 minutes",NaN
667,4,"2021-02-05 22:54:30",22.8km,"27 minutes","Restaurant Cancellation"
668,1,"2021-02-06 00:10:56",25.6km,"30 minutes","Restaurant Cancellation"
669,3,"2021-02-06 01:19:11",22.5km,"47 minutes",
670,3,"2021-02-06 02:54:02",25.6km,"39 minutes",NaN
671,2,"2021-02-06 04:08:37",20.1km,"11 minutes",NaN
672,4,"2021-02-06 05:30:09",8.6km,"22 minutes","Customer Cancellation"
673,1,"2021-02-06 06:32:32",23.2km,"27 minutes",NaN
674,4,"2021-02-06 08:10:16",22.3km,"49 minutes",NaN
675,4,"2021-02-06 09:24:43",5.3km,"44 minutes","Restaurant Cancellation"
676,4,"2021-02-06 10:35:15",22.4km,"11 minutes",
677,1,"2021-02-06 12:00:44",9.3km,"48 minutes","Restaurant Cancellation"
678,3,"2021-02-06 13:19:43",14.8km,"15 minutes",
679,1,"2021-02-06 14:21:28",8.1km,"47 minutes","Restaurant Cancellation"
680,4,"2021-02-06 15:44:00",21.2km,"16 minutes",
681,2,"2021-02-06 17:06:03",24.9km,"42 minutes","Restaurant Cancellation"
682,1,"2021-02-06 18:37:21",9.5km,"49 minutes",
683,2,"2021-02-06 19:30:56",9.6km,"25 minutes","Restaurant Cancellation"
684,3,"2021-02-06 21:09:08",22.2km,"35 minutes","Restaurant Cancellation"
685,2,"2021-02-06 22:27:03",27.8km,"48 minutes",NaN
686,1,"2021-02-06 23:56:47",29.4km,"44 minutes",NaN
687,1,"2021-02-07 01:02:36",29.3km,"50 minutes","Customer Cancellation"
688,2,"2021-02-07 02:28:12",22.5km,"26 minutes","Restaurant Cancellation"
689,2,"2021-02-07 03:34:06",25.5km,"32 minutes",
690,2,"2021-02-07 04:49:43",10.5km,"11 minutes","Restaurant Cancellation"
691,2,"2021-02-07 06:29:33",23.6km,"39 minutes","Restaurant Cancellation"
692,3,"2021-02-07 07:27:03",10.2km,"37 minutes","Customer Cancellation"
693,3,"2021-02-07 08:38:57",27.4km,"22 minutes",NaN
694,4,"2021-02-07 10:03:33",28.3km,"47 minutes",
695,2,"2021-02-07 11:27:43",19.6km,"20 minutes",
696,1,"2021-02-07 12:36:22",25.0km,"44 minutes","Customer Cancellation"
697,2,"2021-02-07 14:01:39",6.8km,"40 minutes",NaN
698,2,"2021-02-07 15:40:34",6.5km,"41 minutes",NaN
699,4,"2021-02-07 16:32:46",17.7km,"48 minutes",
700,3,"2021-02-07 18:15:20",20.2km,"38 minutes","Restaurant Cancellation"
701,2,"2021-02-07 19:10:43",19.4km,"10 minutes",
702,4,"2021-02-07 20:35:06",23.4km,"43 minutes","Restaurant Cancellation"
703,3,"2021-02-07 22:15:17",6.0km,"36 minutes",NaN
704,4,"2021-02-07 23:26:29",8.7km,"21 minutes",NaN
705,2,"2021-02-08 00:32:41",28.9km,"24 minutes",
706,2,"2021-02-08 01:49:17",24.0km,"42 minutes",NaN
707,3,"2021-02-08 03:05:38",8.9km,"11 minutes","Customer Cancellation"
708,2,"2021-02-08 04:28:24",29.9km,"21 minutes","Restaurant Cancellation"
709,3,"2021-02-08 05:49:45",23.2km,"45 minutes",NaN
710,2,"2021-02-08 07:08:33",29.3km,"41 minutes",
711,3,"2021-02-08 08:26:33",13.5km,"35 minutes",
712,3,"2021-02-08 09:54:32",10.8km,"34 minutes",NaN
713,2,"2021-02-08 11:22:03",20.2km,"50 minutes",
714,3,"2021-02-08 12:42:15",8.3km,"20 minutes","Restaurant Cancellation"
715,4,"2021-02-08 13:45:07",8.7km,"45 minutes",NaN
716,1,"2021-02-08 14:52:54",6.9km,"37 minutes","Customer Cancellation"
717,4,"2021-02-08 16:30:32",14.2km,"50 minutes",
718,1,"2021-02-08 17:54:31",13.2km,"38 minutes","Customer Cancellation"
719,4,"2021-02-08 19:00:25",8.7km,"37 minutes","Customer Cancellation"
720,2,"2021-02-08 20:19:57",12.3km,"38 minutes","Restaurant Cancellation"
721,4,"2021-02-08 21:46:13",6.6km,"40 minutes","Customer Cancellation"
722,1,"2021-02-08 23:02:43",11.4km,"47 minutes",
723,2,"2021-02-09 00:05:20",26.5km,"45 minutes",NaN
724,2,"2021-02-09 01:33:14",11.5km,"33 minutes","Restaurant Cancellation"
725,2,"2021-02-09 02:57:16",25.2km,"42 minutes",NaN
726,2,"2021-02-09 04:27:11",29.3km,"43 minutes",NaN
727,4,"2021-02-09 05:23:03",12.0km,"27 minutes","Restaurant Cancellation"
728,2,"2021-02-09 07:02:52",12.7km,"17 minutes",
729,3,"2021-02-09 08:18:57",19.4km,"33 minutes","Restaurant Cancellation"
730,4,"2021-02-09 09:40:40",18.0km,"48 minutes",
731,2,"2021-02-09 10:53:42",10.5km,"26 minutes",
732,4,"2021-02-09 12:22:56",25.1km,"14 minutes",NaN
733,1,"2021-02-09 13:13:33",16.7km,"45 minutes",NaN
734,1,"2021-02-09 14:46:18",7.9km,"16 minutes","Customer Cancellation"
735,4,"2021-02-09 16:08:43",24.3km,"25 minutes",NaN
736,1,"2021-02-09 17:20:48",21.5km,"23 minutes","Restaurant Cancellation"
737,4,"2021-02-09 18:55:37",25.5km,"37 minutes","Restaurant Cancellation"
738,4,"2021-02-09 20:10:08",13.3km,"34 minutes","Restaurant Cancellation"
739,2,"2021-02-09 21:30:38",14.7km,"15 minutes",NaN
740,3,"2021-02-09 22:53:05",6.7km,"44 minutes",
741,2,"2021-02-09 23:44:26",19.2km,"28 minutes",NaN
742,1,"2021-02-10 01:32:01",15.4km,"31 minutes",NaN
743,3,"2021-02-10 02:28:47",15.0km,"26 minutes","Customer Cancellation"
744,2,"2021-02-10 03:59:57",10.6km,"10 minutes","Customer Cancellation"
745,3,"2021-02-10 05:02:36",12.6km,"36 minutes",
746,2,"2021-02-10 06:38:01",9.6km,"30 minutes",NaN
747,2,"2021-02-10 07:54:17",12.4km,"45 minutes",
748,3,"2021-02-10 09:06:38",8.7km,"48 minutes","Customer Cancellation"
749,4,"2021-02-10 10:34:48",19.0km,"37 minutes","Customer Cancellation"
750,2,"2021-02-10 11:35:52",25.6km,"45 minutes","Restaurant Cancellation"
751,3,"2021-02-10 13:07:55",22.9km,"41 minutes","Restaurant Cancellation"
752,2,"2021-02-10 14:13:54",8.2km,"29 minutes",
753,4,"2021-02-10 15:39:04",23.3km,"24 minutes",NaN
754,2,"2021-02-10 16:55:50",6.7km,"45 minutes","Restaurant Cancellation"
755,2,"2021-02-10 18:23:04",15.5km,"40 minutes","Restaurant Cancellation"
756,2,"2021-02-10 19:52:49",11.7km,"19 minutes","Restaurant Cancellation"
757,1,"2021-02-10 20:55:03",24.0km,"10 minutes",NaN
758,4,"2021-02-10 22:15:23",25.2km,"41 minutes",
759,2,"2021-02-10 23:44:29",10.6km,"21 minutes",NaN
760,3,"2021-02-11 01:04:41",27.3km,"27 minutes","Customer Cancellation"
761,3,"2021-02-11 02:11:59",22.8km,"12 minutes","Restaurant Cancellation"
762,1,"2021-02-11 03:42:35",13.6km,"45 minutes","Customer Cancellation"
763,3,"2021-02-11 05:06:24",11.6km,"15 minutes",
764,4,"2021-02-11 06:14:58",15.3km,"34 minutes",NaN
765,1,"2021-02-11 07:36:52",11.2km,"37 minutes","Customer Cancellation"
766,4,"2021-02-11 08:53:29",26.5km,"48 minutes","Restaurant Cancellation"
767,2,"2021-02-11 10:00:29",7.5km,"25 minutes",
768,1,"2021-02-11 11:25:04",17.4km,"31 minutes",
769,1,"2021-02-11 12:38:45",15.4km,"18 minutes",NaN
770,2,"2021-02-11 14:03:43",10.0km,"35 minutes","Restaurant Cancellation"
771,4,"2021-02-11 15:24:14",25.2km,"26 minutes",
772,3,"2021-02-11 16:38:33",7.0km,"37 minutes",NaN
773,3,"2021-02-11 17:50:30",10.0km,"22 minutes",
774,1,"2021-02-11 19:28:56",26.1km,"13 minutes","Customer Cancellation"
775,1,"2021-02-11 20:48:35",16.1km,"21 minutes","Restaurant Cancellation"
776,4,"2021-02-11 21:57:09",28.4km,"33 minutes",
777,4,"2021-02-11 23:20:36",28.1km,"35 minutes","Restaurant Cancellation"
778,2,"2021-02-12 00:21:39",12.0km,"40 minutes","Restaurant Cancellation"
779,1,"2021-02-12 01:44:44",17.6km,"45 minutes","Customer Cancellation"
780,2,"2021-02-12 03:05:52",27.6km,"19 minutes","Restaurant Cancellation"
781,2,"2021-02-12 04:19:47",14.5km,"33 minutes","Restaurant Cancellation"
782,3,"2021-02-12 05:41:48",11.6km,"14 minutes","Customer Cancellation"
783,4,"2021-02-12 06:56:02",29.9km,"17 minutes","Restaurant Cancellation"
784,2,"2021-02-12 08:40:28",12.9km,"20 minutes",
785,1,"2021-02-12 09:38:00",10.3km,"49 minutes",
786,3,"2021-02-12 10:57:16",19.7km,"41 minutes","Restaurant Cancellation"
787,2,"2021-02-12 12:13:55",7.8km,"47 minutes","Customer Cancellation"
788,1,"2021-02-12 13:33:09",5.6km,"14 minutes",
789,2,"2021-02-12 15:07:09",14.7km,"25 minutes",
790,3,"2021-02-12 16:08:23",23.4km,"45 minutes",
791,4,"2021-02-12 17:47:26",5.1km,"38 minutes",NaN
792,3,"2021-02-12 18:52:12",27.5km,"47 minutes","Restaurant Cancellation"
793,2,"2021-02-12 20:23:37",14.7km,"12 minutes","Restaurant Cancellation"
794,4,"2021-02-12 21:34:10",12.1km,"35 minutes",
795,3,"2021-02-12 23:07:54",10.6km,"48 minutes",
796,1,"2021-02-13 00:08:49",6.1km,"46 minutes",NaN
797,1,"2021-02-13 01:44:57",14.8km,"42 minutes","Customer Cancellation"
798,3,"2021-02-13 03:05:38",7.6km,"43 minutes","Customer Cancellation"
799,3,"2021-02-13 03:57:20",17.9km,"19 minutes",NaN
800,4,"2021-02-13 05:44:40",13.1km,"19 minutes","Customer Cancellation"
801,2,"2021-02-13 06:36:15",14.5km,"18 minutes","Customer Cancellation"
802,1,"2021-02-13 08:04:43",14.6km,"25 minutes",NaN
803,3,"2021-02-13 09:22:23",20.3km,"18 minutes","Customer Cancellation"
804,1,"2021-02-13 10:39:13",24.6km,"31 minutes","Customer Cancellation"
805,4,"2021-02-13 12:05:50",15.9km,"26 minutes",NaN
806,1,"2021-02-13 13:35:14",7.6km,"27 minutes","Restaurant Cancellation"
807,3,"2021-02-13 14:46:51",24.3km,"45 minutes",
808,2,"2021-02-13 16:07:20",25.8km,"38 minutes",
809,2,"2021-02-13 17:11:29",22.1km,"46 minutes","Customer Cancellation"
810,2,"2021-02-13 18:44:00",16.7km,"47 minutes",NaN
811,4,"2021-02-13 19:46:38",14.2km,"44 minutes","Customer Cancellation"
812,4,"2021-02-13 21:03:09",13.3km,"49 minutes",NaN
813,1,"2021-02-13 22:24:12",23.3km,"41 minutes",
814,1,"2021-02-13 23:46:46",8.1km,"39 minutes","Restaurant Cancellation"
815,3,"2021-02-14 01:13:24",27.9km,"20 minutes",NaN
816,2,"2021-02-14 02:26:11",20.4km,"48 minutes","Restaurant Cancellation"
817,4,"2021-02-14 03:45:48",19.0km,"11 minutes","Customer Cancellation"
818,1,"2021-02-14 04:53:52",5.5km,"46 minutes",NaN
819,1,"2021-02-14 06:39:34",11.0km,"42 minutes","Restaurant Cancellation"
820,3,"2021-02-14 07:58:24",23.5km,"22 minutes",NaN
821,3,"2021-02-14 09:09:48",6.9km,"12 minutes",NaN
822,3,"2021-02-14 10:26:38",19.7km,"25 minutes","Customer Cancellation"
823,4,"2021-02-14 11:53:51",18.2km,"16 minutes","Customer Cancellation"
824,2,"2021-02-14 13:12:44",18.6km,"50 minutes",NaN
825,2,"2021-02-14 14:33:13",7.6km,"13 minutes","Restaurant Cancellation"
826,3,"2021-02-14 15:40:04",13.6km,"25 minutes",NaN
827,1,"2021-02-14 17:02:40",20.5km,"28 minutes",NaN
828,1,"2021-02-14 18:20:55",24.2km,"23 minutes","Customer Cancellation"
829,3,"2021-02-14 19:25:53",18.4km,"43 minutes",NaN
830,4,"2021-02-14 20:49:28",10.3km,"30 minutes","Customer Cancellation"
831,4,"2021-02-14 22:11:50",28.8km,"29 minutes",
832,1,"2021-02-14 23:37:38",14.6km,"17 minutes",NaN
833,3,"2021-02-15 01:02:01",22.5km,"42 minutes",
834,4,"2021-02-15 02:12:30",5.5km,"39 minutes",NaN
835,2,"2021-02-15 03:19:50",18.4km,"22 minutes",NaN
836,2,"2021-02-15 04:55:32",15.9km,"49 minutes","Restaurant Cancellation"
837,4,"2021-02-15 06:09:01",22.2km,"41 minutes","Customer Cancellation"
838,4,"2021-02-15 07:31:41",20.6km,"32 minutes",
839,3,"2021-02-15 08:46:11",19.4km,"43 minutes",NaN
840,4,"2021-02-15 09:55:50",6.7km,"39 minutes",NaN
841,3,"2021-02-15 11:28:40",22.9km,"18 minutes","Customer Cancellation"
842,2,"2021-02-15 12:38:59",22.0km,"40 minutes","Customer Cancellation"
843,3,"2021-02-15 14:13:19",22.6km,"42 minutes","Restaurant Cancellation"
844,4,"2021-02-15 15:05:38",26.8km,"45 minutes",NaN
845,4,"2021-02-15 16:30:39",22.9km,"37 minutes",NaN
846,1,"2021-02-15 17:59:58",26.0km,"21 minutes","Customer Cancellation"
847,2,"2021-02-15 19:23:39",21.9km,"42 minutes",NaN
848,1,"2021-02-15 20:38:55",7.3km,"31 minutes",
849,4,"2021-02-15 21:53:16",14.9km,"43 minutes","Restaurant Cancellation"
850,1,"2021-02-15 23:13:01",14.6km,"28 minutes",
851,4,"2021-02-16 00:33:30",12.4km,"26 minutes",NaN
852,1,"2021-02-16 01:54:44",13.8km,"34 minutes","Customer Cancellation"
853,1,"2021-02-16 03:07:04",25.4km,"49 minutes",NaN
854,2,"2021-02-16 04:26:13",19.0km,"24 minutes",
855,4,"2021-02-16 05:44:27",27.8km,"33 minutes",NaN
856,3,"2021-02-16 07:08:00",28.2km,"29 minutes",NaN
857,3,"2021-02-16 08:22:19",10.9km,"18 minutes",NaN
858,2,"2021-02-16 09:53:22",19.6km,"23 minutes",
859,2,"2021-02-16 11:06:08",29.1km,"22 minutes","Restaurant Cancellation"
860,4,"2021-02-16 12:10:01",18.2km,"35 minutes","Restaurant Cancellation"
861,4,"2021-02-16 13:30:35",8.3km,"18 minutes",
862,2,"2021-02-16 15:12:00",23.0km,"22 minutes","Restaurant Cancellation"
863,4,"2021-02-16 16:19:56",18.6km,"38 minutes",NaN
864,4,"2021-02-16 17:46:47",24.7km,"19 minutes",NaN
865,1,"2021-02-16 18:52:24",23.2km,"22 minutes",
866,2,"2021-02-16 20:27:14",29.1km,"17 minutes",NaN
867,3,"2021-02-16 21:32:49",16.1km,"42 minutes","Customer Cancellation"
868,4,"2021-02-16 23:01:26",9.5km,"36 minutes",
869,4,"2021-02-17 00:20:53",28.5km,"43 minutes",NaN
870,2,"2021-02-17 01:19:10",16.0km,"47 minutes",NaN
871,1,"2021-02-17 02:45:01",16.0km,"46 minutes","Customer Cancellation"
872,2,"2021-02-17 04:12:14",27.3km,"10 minutes","Restaurant Cancellation"
873,3,"2021-02-17 05:33:33",14.0km,"47 minutes",NaN
874,2,"2021-02-17 06:31:47",15.7km,"28 minutes",
875,1,"2021-02-17 08:08:10",27.3km,"28 minutes",NaN
876,4,"2021-02-17 09:29:51",18.5km,"37 minutes","Customer Cancellation"
877,3,"2021-02-17 10:40:55",8.9km,"45 minutes",
878,2,"2021-02-17 12:10:44",8.8km,"45 minutes","Restaurant Cancellation"
879,1,"2021-02-17 13:08:55",16.1km,"42 minutes","Restaurant Cancellation"
880,2,"2021-02-17 14:43:50",9.8km,"36 minutes",
881,4,"2021-02-17 15:58:48",13.1km,"39 minutes",
882,1,"2021-02-17 17:16:12",17.2km,"30 minutes","Restaurant Cancellation"
883,4,"2021-02-17 18:38:30",21.7km,"39 minutes",NaN
884,4,"2021-02-17 19:58:36",15.7km,"44 minutes",
885,4,"2021-02-17 21:18:21",13.2km,"26 minutes","Customer Cancellation"
886,1,"2021-02-17 22:16:06",29.3km,"29 minutes",
887,4,"2021-02-17 23:57:44",9.0km,"43 minutes",
888,2,"2021-02-18 01:10:21",5.9km,"17 minutes","Customer Cancellation"
889,4,"2021-02-18 02:15:44",26.9km,"35 minutes","Customer Cancellation"
890,3,"2021-02-18 03:41:51",20.4km,"13 minutes","Customer Cancellation"
891,4,"2021-02-18 05:02:38",27.8km,"46 minutes",
892,3,"2021-02-18 06:21:25",9.4km,"47 minutes","Customer Cancellation"
893,2,"2021-02-18 07:31:55",5.3km,"48 minutes",
894,2,"2021-02-18 08:57:21",8.5km,"44 minutes",
895,4,"2021-02-18 10:11:13",17.6km,"38 minutes","Customer Cancellation"
896,4,"2021-02-18 11:37:06",15.9km,"41 minutes",NaN
897,2,"2021-02-18 13:07:16",19.8km,"34 minutes",NaN
898,1,"2021-02-18 14:30:48",29.7km,"10 minutes","Restaurant Cancellation"
899,3,"2021-02-18 15:37:24",16.7km,"18 minutes","Customer Cancellation"
900,4,"2021-02-18 16:54:14",11.8km,"41 minutes",
901,2,"2021-02-18 18:22:09",10.7km,"25 minutes","Restaurant Cancellation"
902,2,"2021-02-18 19:20:43",16.0km,"29 minutes","Customer Cancellation"
903,3,"2021-02-18 21:04:43",6.0km,"33 minutes","Customer Cancellation"
904,3,"2021-02-18 21:55:10",18.1km,"20 minutes",
905,1,"2021-02-18 23:38:08",17.2km,"11 minutes",NaN
906,2,"2021-02-19 00:59:55",29.8km,"22 minutes","Customer Cancellation"
907,4,"2021-02-19 02:02:32",12.7km,"24 minutes",
908,3,"2021-02-19 03:11:06",12.5km,"17 minutes",NaN
909,2,"2021-02-19 04:30:49",6.7km,"43 minutes","Restaurant Cancellation"
910,2,"2021-02-19 06:11:23",14.8km,"42 minutes",
911,2,"2021-02-19 07:28:54",6.1km,"31 minutes",
912,3,"2021-02-19 08:53:39",12.9km,"30 minutes",NaN
913,2,"2021-02-19 09:55:38",24.3km,"29 minutes","Customer Cancellation"
914,4,"2021-02-19 11:21:34",26.7km,"19 minutes","Restaurant Cancellation"
915,4,"2021-02-19 12:29:41",7.7km,"42 minutes","Restaurant Cancellation"
916,2,"2021-02-19 13:59:19",27.9km,"13 minutes","Restaurant Cancellation"
917,3,"2021-02-19 15:28:11",15.7km,"23 minutes",NaN
918,4,"2021-02-19 16:45:40",20.4km,"30 minutes","Customer Cancellation"
919,2,"2021-02-19 17:42:15",18.5km,"15 minutes",NaN
920,3,"2021-02-19 19:16:21",27.6km,"39 minutes","Customer Cancellation"
921,4,"2021-02-19 20:37:16",23.2km,"27 minutes","Customer Cancellation"
922,1,"2021-02-19 21:56:42",19.6km,"19 minutes",
923,3,"2021-02-19 22:59:08",14.5km,"46 minutes",
924,3,"2021-02-20 00:26:41",20.1km,"10 minutes",NaN
925,2,"2021-02-20 01:33:35",29.9km,"50 minutes","Customer Cancellation"
926,2,"2021-02-20 02:48:48",14.7km,"29 minutes",NaN
927,2,"2021-02-20 04:16:45",10.2km,"25 minutes",
928,2,"2021-02-20 05:33:54",5.4km,"32 minutes","Restaurant Cancellation"
929,2,"2021-02-20 06:53:05",21.0km,"23 minutes","Customer Cancellation"
930,2,"2021-02-20 08:06:33",5.8km,"45 minutes",
931,3,"2021-02-20 09:30:38",9.0km,"29 minutes","Customer Cancellation"
932,3,"2021-02-20 10:42:01",23.7km,"25 minutes","Customer Cancellation"
933,4,"2021-02-20 12:30:02",16.8km,"45 minutes","Restaurant Cancellation"
934,4,"2021-02-20 13:31:11",8.0km,"17 minutes","Restaurant Cancellation"
935,1,"2021-02-20 14:58:03",12.7km,"29 minutes",
936,3,"2021-02-20 16:01:40",22.9km,"44 minutes","Customer Cancellation"
937,2,"2021-02-20 17:40:21",21.9km,"30 minutes","Restaurant Cancellation"
938,4,"2021-02-20 18:39:15",12.5km,"24 minutes",NaN
939,1,"2021-02-20 20:02:46",16.7km,"21 minutes",
940,3,"2021-02-20 21:24:01",20.0km,"43 minutes",NaN
941,4,"2021-02-20 22:51:03",17.5km,"23 minutes",NaN
942,1,"2021-02-21 00:17:28",14.0km,"37 minutes","Customer Cancellation"
943,2,"2021-02-21 01:30:52",26.1km,"17 minutes",NaN
944,1,"2021-02-21 02:34:19",21.5km,"19 minutes",NaN
945,1,"2021-02-21 03:51:04",14.0km,"32 minutes","Restaurant Cancellation"
946,4,"2021-02-21 05:14:40",14.4km,"30 minutes",
947,1,"2021-02-21 06:30:18",7.6km,"28 minutes","Customer Cancellation"
948,2,"2021-02-21 08:09:27",19.3km,"26 minutes","Customer Cancellation"
949,2,"2021-02-21 09:03:42",8.3km,"29 minutes","Restaurant Cancellation"
950,4,"2021-02-21 10:33:31",18.2km,"23 minutes",NaN
951,4,"2021-02-21 11:41:07",6.1km,"36 minutes",
952,3,"2021-02-21 13:28:08",20.2km,"45 minutes",NaN
953,3,"2021-02-21 14:35:12",27.6km,"22 minutes",
954,2,"2021-02-21 16:05:24",15.6km,"41 minutes",
955,4,"2021-02-21 16:56:11",7.7km,"17 minutes","Restaurant Cancellation"
956,2,"2021-02-21 18:14:20",23.4km,"15 minutes","Customer Cancellation"
957,4,"2021-02-21 19:57:12",11.0km,"28 minutes",
958,2,"2021-02-21 20:56:42",6.7km,"46 minutes","Restaurant Cancellation"
959,2,"2021-02-21 22:39:56",18.3km,"10 minutes","Restaurant Cancellation"
960,2,"2021-02-21 23:48:47",23.3km,"44 minutes","Restaurant Cancellation"
961,4,"2021-02-22 00:56:09",12.2km,"46 minutes",
962,1,"2021-02-22 02:26:32",27.5km,"18 minutes","Customer Cancellation"
963,1,"2021-02-22 03:28:52",8.1km,"39 minutes","Customer Cancellation"
964,4,"2021-02-22 05:10:59",23.3km,"14 minutes",
965,2,"2021-02-22 06:06:57",26.8km,"23 minutes",
966,2,"2021-02-22 07:36:44",24.5km,"16 minutes","Restaurant Cancellation"
967,3,"2021-02-22 09:08:41",21.7km,"47 minutes",
968,4,"2021-02-22 10:19:00",29.5km,"48 minutes","Restaurant Cancellation"
969,1,"2021-02-22 11:23:11",12.1km,"11 minutes",NaN
970,4,"2021-02-22 12:55:03",11.8km,"36 minutes","Customer Cancellation"
971,3,"2021-02-22 14:22:52",28.8km,"16 minutes","Restaurant Cancellation"
972,3,"2021-02-22 15:32:39",14.4km,"18 minutes",
973,3,"2021-02-22 16:55:25",28.3km,"11 minutes","Customer Cancellation"
974,1,"2021-02-22 17:55:45",15.9km,"49 minutes",NaN
975,2,"2021-02-22 19:23:40",10.6km,"19 minutes",NaN
976,3,"2021-02-22 20:57:27",10.3km,"44 minutes",NaN
977,1,"2021-02-22 22:13:09",20.8km,"50 minutes",NaN
978,4,"2021-02-22 23:23:50",9.5km,"16 minutes","Restaurant Cancellation"
979,3,"2021-02-23 00:51:20",19.3km,"22 minutes",
980,3,"2021-02-23 02:10:49",22.1km,"41 minutes",
981,1,"2021-02-23 03:22:19",20.5km,"31 minutes",NaN
982,4,"2021-02-23 04:52:38",20.4km,"38 minutes","Restaurant Cancellation"
983,3,"2021-02-23 05:45:23",22.2km,"10 minutes","Restaurant Cancellation"
984,3,"2021-02-23 07:24:28",10.2km,"43 minutes",NaN
985,3,"2021-02-23 08:26:36",11.6km,"32 minutes","Restaurant Cancellation"
986,1,"2021-02-23 09:59:37",14.5km,"18 minutes","Restaurant Cancellation"
987,3,"2021-02-23 11:11:37",21.5km,"15 minutes","Customer Cancellation"
988,4,"2021-02-23 12:28:35",25.3km,"34 minutes","Customer Cancellation"
989,4,"2021-02-23 14:02:42",20.1km,"28 minutes",
990,3,"2021-02-23 15:06:50",28.5km,"31 minutes","Restaurant Cancellation"
991,2,"2021-02-23 16:13:42",10.5km,"16 minutes",NaN
992,4,"2021-02-23 17:45:48",15.0km,"27 minutes",NaN
993,4,"2021-02-23 19:08:11",19.1km,"31 minutes","Restaurant Cancellation"
994,3,"2021-02-23 20:33:01",10.1km,"12 minutes",
995,3,"2021-02-23 21:46:55",26.9km,"29 minutes",
996,4,"2021-02-23 22:56:12",27.7km,"37 minutes",NaN
997,2,"2021-02-24 00:14:08",9.3km,"41 minutes",
998,4,"2021-02-24 01:39:37",18.3km,"32 minutes",NaN
999,1,"2021-02-24 02:48:22",19.3km,"18 minutes","Restaurant Cancellation"
1000,1,"2021-02-24 04:20:55",20.0km,"49 minutes","Restaurant Cancellation"
1001,1,"2021-02-24 05:22:13",19.3km,"32 minutes","Customer Cancellation"
1002,2,"2021-02-24 06:53:38",10.6km,"50 minutes",
1003,3,"2021-02-24 08:16:08",24.4km,"42 minutes","Restaurant Cancellation"
1004,3,"2021-02-24 09:20:30",19.6km,"48 minutes","Customer Cancellation"
1005,3,"2021-02-24 11:02:15",26.9km,"11 minutes",
1006,4,"2021-02-24 12:19:20",16.0km,"10 minutes","Customer Cancellation"
1007,1,"2021-02-24 13:31:54",6.5km,"42 minutes",
1008,1,"2021-02-24 15:01:01",18.4km,"24 minutes","Customer Cancellation"
1009,1,"2021-02-24 16:02:05",5.4km,"17 minutes","Customer Cancellation"
1010,2,"2021-02-24 17:19:55",25.1km,"36 minutes",
